﻿<?xml version="1.0" encoding="UTF-8" standalone="yes"?>
<addon id="script.hello.input" name="Hello Input" version="1.0.0" provider-name="Lunn">
    <requires>
		<import addon="xbmc.python" version="2.14.0"/>
	</requires>
	<extension point="xbmc.python.script" library="addon.py">
		<provides>executable</provides>
	</extension>
	<extension point="xbmc.addon.metadata">
		<platform>all</platform>
		<summary lang="en">Popup User Name from Input</summary>
		<description lang="en">Example Script to show user name from input</description>
		<license>GNU General Public License, v2</license>
		<language></language>
		<forum></forum>
		<source></source>
		<email></email>
	</extension>
</addon>