<?xml version="1.0" encoding="UTF-8" standalone="yes"?>
<addon id="plugin.video.vv" name="vv" version="0.2.6" provider-name="Lunn">
    <requires>
        <import addon="xbmc.python" version="2.1.0"/>
        <import addon="script.module.xbmcswift2" version="2.4.0"/>
		<import addon="script.module.keyboard.chinese" version="1.0.0"/>
    </requires>
    <extension point="xbmc.python.pluginsource" library="addon.py">
        <provides>video</provides>
    </extension>
    <extension point="xbmc.addon.metadata">
        <platform>all</platform>
        <language></language>
        <summary>XBMC vv Plugin</summary>
        <description>XBMC vv Plugin</description>
    </extension>
</addon>
